{"cameraMode":{"drawMode":0,"name":"Shaded","section":"Shading Mode"},"sceneLighting":true,"audioPlay":false,"sceneViewState":{"showFog":true,"showMaterialUpdate":false,"showSkybox":true,"showFlares":true,"showImageEffects":true,"showParticleSystems":true},"in2DMode":false,"pivot":{"x":3.140800714492798,"y":-1.6170742511749268,"z":7.2100958824157719},"rotation":{"x":0.08353891968727112,"y":0.092539943754673,"z":-0.00779190706089139,"w":0.992170512676239},"size":4.041657447814941,"orthographic":false}